"","p_val","avg_log2FC","pct.1","pct.2","p_val_adj","cluster","gene"
"LRP4-AS1",0,2.81192220665645,0.518,0.099,0,"Osteoblasts","LRP4-AS1"
"TEX41",0,1.6197801619101,0.796,0.406,0,"Osteoblasts","TEX41"
"LINC01060",0,3.09392726164112,0.312,0.058,0,"Osteoblasts","LINC01060"
"MIR181A1HG",3.10591110281578e-281,2.5188326325477,0.423,0.121,6.98208815912987e-278,"Osteoblasts","MIR181A1HG"
"TBX2-AS1",2.48839035409217e-222,2.22910880924362,0.255,0.053,5.5939015159992e-219,"Osteoblasts","TBX2-AS1"
"SNHG8",2.72300422691197e-222,1.38900952542493,0.709,0.397,6.12131350209811e-219,"Osteoblasts","SNHG8"
"SENCR",5.65531234357189e-144,2.61709686031736,0.134,0.023,1.27131421483496e-140,"Osteoblasts","SENCR"
"PCDH9-AS2",4.62524278944474e-126,1.62686990571794,0.312,0.115,1.03975457906718e-122,"Osteoblasts","PCDH9-AS2"
"SPRY4-AS1",9.62089621566133e-116,2.20523453152338,0.191,0.054,2.16277746928067e-112,"Osteoblasts","SPRY4-AS1"
"LMO7-AS1",9.40447671559189e-115,1.34249728823545,0.32,0.125,2.11412636566506e-111,"Osteoblasts","LMO7-AS1"
"ZFAS1",2.74096918515469e-109,0.611232137671332,0.905,0.79,6.16169872822775e-106,"Osteoblasts","ZFAS1"
"DIO3OS",1.15936625710994e-90,1.27136547397886,0.37,0.182,2.60625534598314e-87,"Osteoblasts","DIO3OS"
"SPATA13",3.31188046980457e-88,1.68586814654504,0.204,0.071,7.44510729612067e-85,"Osteoblasts","SPATA13"
"EPB41L4A-AS1",8.46427916733232e-85,1.02257949920322,0.479,0.281,1.9027699568163e-81,"Osteoblasts","EPB41L4A-AS1"
"ADAMTS9-AS2",2.08629827761855e-74,0.519807199158834,0.889,0.718,4.6899985280865e-71,"Osteoblasts","ADAMTS9-AS2"
"ZFHX4-AS1",9.29705965981556e-64,0.878377663046623,0.321,0.161,2.08997901152654e-60,"Osteoblasts","ZFHX4-AS1"
"LINC02328",6.67619807857344e-61,0.860560509468174,0.553,0.377,1.50080932806331e-57,"Osteoblasts","LINC02328"
"PTPRD-AS1",4.398344911449e-59,1.45781157501536,0.151,0.055,9.88747936093736e-56,"Osteoblasts","PTPRD-AS1"
"CDR1",1.08075851483759e-51,1.23458337396592,0.181,0.077,2.42954514135491e-48,"Osteoblasts","CDR1"
"SNHG19",2.61100590052399e-48,0.989515233442312,0.271,0.143,5.86954126437793e-45,"Osteoblasts","SNHG19"
"LINC02201",6.15828535230334e-48,1.38983944520606,0.131,0.049,1.38438254719779e-44,"Osteoblasts","LINC02201"
"SNHG18",1.62059996112919e-43,1.0654941522366,0.232,0.12,3.64310871261842e-40,"Osteoblasts","SNHG18"
"DLX6-AS1",2.50060590899761e-41,1.11814667855509,0.212,0.107,5.62136208342663e-38,"Osteoblasts","DLX6-AS1"
"DLGAP2",2.86720329130087e-40,1.74358909457973,0.121,0.048,6.44547299884435e-37,"Osteoblasts","DLGAP2"
"SATB2-AS1",1.75020253268394e-34,0.78911098417751,0.284,0.171,3.93445529347349e-31,"Osteoblasts","SATB2-AS1"
"HOXC-AS1",4.87882721158089e-31,1.08335323329308,0.144,0.069,1.09676035716338e-27,"Osteoblasts","HOXC-AS1"
"MAMDC2-AS1",5.42462002212981e-25,1.16020827464518,0.127,0.063,1.21945458097478e-21,"Osteoblasts","MAMDC2-AS1"
"GAS1RR",1.71488698629871e-24,0.950058721295781,0.179,0.103,3.8550659451995e-21,"Osteoblasts","GAS1RR"
"SNHG7",2.46285297960852e-24,0.545781925223496,0.43,0.323,5.53649349815995e-21,"Osteoblasts","SNHG7"
"MEF2C-AS1",3.46061245192269e-21,0.585259994286679,0.337,0.238,7.7794567919222e-18,"Osteoblasts","MEF2C-AS1"
"LINC02511",7.57095344478397e-20,0.502157848275435,0.177,0.106,1.70195033438744e-16,"Osteoblasts","LINC02511"
"MIR497HG",6.75250736215573e-18,0.816360660728663,0.157,0.095,1.51796365501261e-14,"Osteoblasts","MIR497HG"
"PITPNA-AS1",8.82731453390869e-16,0.749537719591124,0.161,0.101,1.98438030722267e-12,"Osteoblasts","PITPNA-AS1"
"SNHG9",1.02720444401149e-14,0.502193130886567,0.393,0.317,2.30915559013782e-11,"Osteoblasts","SNHG9"
"LINC02316",3.6553025715607e-10,0.812698395246395,0.109,0.069,8.21712018086844e-07,"Osteoblasts","LINC02316"
"TEX411",0,1.55226526752198,0.677,0.375,0,"Osteo-MSCs","TEX41"
"ADAMTS9-AS21",0,0.950182784143137,0.918,0.68,0,"Osteo-MSCs","ADAMTS9-AS2"
"LMO7-AS11",0,2.14224256673846,0.321,0.091,0,"Osteo-MSCs","LMO7-AS1"
"ZFHX4-AS11",1.7192607397194e-291,1.92482845132905,0.354,0.124,3.86489814288922e-288,"Osteo-MSCs","ZFHX4-AS1"
"ZFAS11",1.07436535915139e-285,0.789191536614767,0.893,0.774,2.41517332737232e-282,"Osteo-MSCs","ZFAS1"
"SNHG81",7.22011918732467e-248,1.19980927709188,0.6,0.376,1.62308279331059e-244,"Osteo-MSCs","SNHG8"
"LRP4-AS11",2.82762325213479e-214,1.53851554921274,0.281,0.097,6.35649707079902e-211,"Osteo-MSCs","LRP4-AS1"
"TBX2-AS11",3.88028936112511e-164,1.99855650452053,0.166,0.045,8.72289048380924e-161,"Osteo-MSCs","TBX2-AS1"
"DANT2",1.45277231701212e-155,1.15067522071619,0.444,0.255,3.26583216864325e-152,"Osteo-MSCs","DANT2"
"PCDH9-AS21",6.53012877408704e-119,1.3562412120036,0.236,0.104,1.46797294841477e-115,"Osteo-MSCs","PCDH9-AS2"
"PTPRD-AS11",1.74499393084752e-110,1.84616853098967,0.136,0.043,3.92274635654522e-107,"Osteo-MSCs","PTPRD-AS1"
"DIO3OS1",8.33933580636763e-105,1.07737060741781,0.309,0.167,1.87468268927144e-101,"Osteo-MSCs","DIO3OS"
"SATB2-AS11",4.33660656195498e-102,1.22494693201746,0.285,0.151,9.7486915512748e-99,"Osteo-MSCs","SATB2-AS1"
"LINC010601",9.71906982469098e-97,1.25812258506587,0.158,0.06,2.18484689659053e-93,"Osteo-MSCs","LINC01060"
"EPB41L4A-AS11",6.65034372266691e-90,0.895058120658749,0.407,0.268,1.49499726885552e-86,"Osteo-MSCs","EPB41L4A-AS1"
"MZF1-AS1",2.25663958885358e-88,1.61017035637626,0.196,0.091,5.07292579574286e-85,"Osteo-MSCs","MZF1-AS1"
"LINC022011",5.10587222476896e-87,1.78973444744941,0.117,0.039,1.14780007612806e-83,"Osteo-MSCs","LINC02201"
"SNHG191",2.0921744193492e-82,1.21432694066465,0.244,0.129,4.70320809469701e-79,"Osteo-MSCs","SNHG19"
"CDR11",4.80189694722834e-77,1.58226377457449,0.155,0.067,1.07946643373693e-73,"Osteo-MSCs","CDR1"
"MEF2C-AS11",1.85582121894635e-69,0.882716362746123,0.341,0.22,4.1718861001914e-66,"Osteo-MSCs","MEF2C-AS1"
"DLX6-AS11",1.74299322377378e-58,1.13539664067887,0.183,0.097,3.91824876704347e-55,"Osteo-MSCs","DLX6-AS1"
"LINC00632",1.50125948512129e-56,1.37606183525786,0.145,0.071,3.37483132255266e-53,"Osteo-MSCs","LINC00632"
"DLGAP21",7.22811007967926e-52,1.73008383741021,0.1,0.042,1.6248791459119e-48,"Osteo-MSCs","DLGAP2"
"LINC023281",4.81722838884979e-48,0.656387456769023,0.469,0.372,1.08291294181343e-44,"Osteo-MSCs","LINC02328"
"PARD6G-AS1",4.93256472352735e-38,1.4984093895594,0.1,0.048,1.10884054984895e-34,"Osteo-MSCs","PARD6G-AS1"
"HOXC-AS11",2.71061957016008e-37,1.0839114787852,0.12,0.063,6.09347279371987e-34,"Osteo-MSCs","HOXC-AS1"
"TTTY14",4.67025022467213e-37,0.621235357041735,0.3,0.212,1.0498722505063e-33,"Osteo-MSCs","TTTY14"
"SNHG91",1.13665705310426e-33,0.609433947647199,0.382,0.307,2.55520505537837e-30,"Osteo-MSCs","SNHG9"
"SNHG71",1.99318751076075e-28,0.54115778251125,0.388,0.317,4.48068552419016e-25,"Osteo-MSCs","SNHG7"
"OTUD6B-AS1",8.56594785978231e-25,0.504887847172548,0.427,0.371,1.92562507887906e-21,"Osteo-MSCs","OTUD6B-AS1"
"SNHG12",5.20997301601413e-24,0.542664406736203,0.232,0.168,1.17120193399998e-20,"Osteo-MSCs","SNHG12"
"HCG11",2.33066110730142e-19,0.645982551920593,0.214,0.161,5.2393261692136e-16,"Osteo-MSCs","HCG11"
"PPFIA2-AS1",2.41941103757693e-17,0.766998759551073,0.125,0.084,5.43883601247293e-14,"Osteo-MSCs","PPFIA2-AS1"
"RAB11B-AS1",6.01500724908083e-09,0.627950820727146,0.109,0.082,1.35217362959337e-05,"Osteo-MSCs","RAB11B-AS1"
"SPATA131",1.35734085025939e-08,0.566292817662704,0.104,0.078,3.05130223138312e-05,"Osteo-MSCs","SPATA13"
"TMEM72-AS1",4.742775549285e-05,0.82558767490657,0.147,0.129,0.106617594347927,"Osteo-MSCs","TMEM72-AS1"
"CAST",5.98082312382847e-122,0.73787932353816,0.936,0.824,1.34448903823664e-118,"APOD+ MSCs","CAST"
"LINC025111",3.60195442884416e-94,1.97820877118169,0.281,0.1,8.09719355604168e-91,"APOD+ MSCs","LINC02511"
"TEX26-AS1",3.74407868829314e-78,2.49587261228868,0.11,0.022,8.41668889128298e-75,"APOD+ MSCs","TEX26-AS1"
"SERTAD4-AS1",1.94891307965179e-47,1.09011488323359,0.27,0.128,4.38115660305723e-44,"APOD+ MSCs","SERTAD4-AS1"
"TTTY141",1.38043586350259e-35,0.817826713161399,0.373,0.222,3.10321982115383e-32,"APOD+ MSCs","TTTY14"
"RAMP2-AS1",2.14097960651207e-35,1.69932444518765,0.101,0.034,4.81292215543913e-32,"APOD+ MSCs","RAMP2-AS1"
"SNHG72",2.77918421933581e-26,0.593560030592984,0.461,0.324,6.2476061250669e-23,"APOD+ MSCs","SNHG7"
"LINC00278",2.35078452414184e-23,0.813500569742412,0.158,0.078,5.28456361027086e-20,"APOD+ MSCs","LINC00278"
"FGD5-AS1",4.65020382821687e-22,0.601832610206095,0.435,0.315,1.04536582058315e-18,"APOD+ MSCs","FGD5-AS1"
"EPB41L4A-AS12",2.45152687307406e-20,0.54432414163039,0.41,0.291,5.51103241067048e-17,"APOD+ MSCs","EPB41L4A-AS1"
"FAM222A-AS1",1.15625071622209e-18,0.921716866524102,0.12,0.059,2.59925161006726e-15,"APOD+ MSCs","FAM222A-AS1"
"DPYD-AS1",1.83588829980898e-18,0.669809760515186,0.36,0.254,4.12707689797058e-15,"APOD+ MSCs","DPYD-AS1"
"GPRC5D-AS1",5.03430542331153e-17,0.946768238579469,0.155,0.087,1.13171185916043e-13,"APOD+ MSCs","GPRC5D-AS1"
"HCG111",1.11256075192178e-15,0.634197367726677,0.253,0.167,2.50103657032017e-12,"APOD+ MSCs","HCG11"
"PLCG1-AS1",7.32086376968295e-13,0.837741200717677,0.134,0.078,1.64573017542473e-09,"APOD+ MSCs","PLCG1-AS1"
"BHLHE40-AS1",7.05293989736995e-10,0.53539247225006,0.132,0.082,1.58550088892876e-06,"APOD+ MSCs","BHLHE40-AS1"
"DIAPH2-AS1",1.37222854443226e-09,0.714849171451109,0.122,0.076,3.08476976788372e-06,"APOD+ MSCs","DIAPH2-AS1"
"ABCA9-AS1",3.80414746505508e-08,0.615575887192315,0.206,0.152,8.55172350144382e-05,"APOD+ MSCs","ABCA9-AS1"
"DLGAP1-AS1",3.32448912781677e-07,0.65537560529095,0.101,0.064,0.000747345155933211,"APOD+ MSCs","DLGAP1-AS1"
"XIST",0,1.71885853493005,0.888,0.314,0,"THY1+ MSCs","XIST"
"LINC02384",0,1.97292988083582,0.834,0.26,0,"THY1+ MSCs","LINC02384"
"CASC15",0,2.48117826261681,0.492,0.141,0,"THY1+ MSCs","CASC15"
"KCNQ1OT1",0,1.25942926383767,0.734,0.436,0,"THY1+ MSCs","KCNQ1OT1"
"LINC00603",0,2.86108751290402,0.276,0.054,0,"THY1+ MSCs","LINC00603"
"LINC00299",0,2.90669042859553,0.21,0.029,0,"THY1+ MSCs","LINC00299"
"VCAN-AS1",1.63458055632501e-288,1.24512969704099,0.487,0.195,3.67453709061862e-285,"THY1+ MSCs","VCAN-AS1"
"MIR4435-2HG",7.60756915227665e-273,1.04286168870723,0.716,0.428,1.71018154543179e-269,"THY1+ MSCs","MIR4435-2HG"
"TRAF3IP2-AS1",2.12353655098183e-262,1.06084871759153,0.669,0.368,4.77371016660714e-259,"THY1+ MSCs","TRAF3IP2-AS1"
"MSC-AS1",1.87094747722428e-248,0.902295774035041,0.623,0.31,4.20588992880018e-245,"THY1+ MSCs","MSC-AS1"
"CYTOR",1.0251436728859e-218,1.2131140973682,0.545,0.285,2.30452297664749e-215,"THY1+ MSCs","CYTOR"
"LINC00968",4.23411020450257e-211,2.42810412352709,0.14,0.023,9.51827973972177e-208,"THY1+ MSCs","LINC00968"
"LINC00310",5.21560001511747e-210,1.96164069259344,0.201,0.049,1.17246688339841e-206,"THY1+ MSCs","LINC00310"
"MIR222HG",5.55732826781895e-198,1.84074724045106,0.404,0.191,1.2492873946057e-194,"THY1+ MSCs","MIR222HG"
"NR2F2-AS1",1.45454538715499e-156,1.02234985754938,0.345,0.152,3.26981803032442e-153,"THY1+ MSCs","NR2F2-AS1"
"LUCAT1",6.70616129128197e-147,2.72528987999074,0.136,0.032,1.50754505828019e-143,"THY1+ MSCs","LUCAT1"
"LINC02478",1.60620632253709e-134,1.57610936934363,0.202,0.07,3.61075181306339e-131,"THY1+ MSCs","LINC02478"
"LINC01572",5.3502936853197e-128,1.20181477531039,0.256,0.106,1.20274602045987e-124,"THY1+ MSCs","LINC01572"
"KCNIP2-AS1",1.00340814126389e-125,1.19721493572739,0.179,0.059,2.25566150156121e-122,"THY1+ MSCs","KCNIP2-AS1"
"JPX",3.6021369262019e-124,0.568106738049147,0.758,0.532,8.09760381010187e-121,"THY1+ MSCs","JPX"
"NUTM2A-AS1",2.41483415249156e-120,0.667280828869786,0.579,0.36,5.42854717480102e-117,"THY1+ MSCs","NUTM2A-AS1"
"SNAP25-AS1",7.04367801575069e-119,1.54463301240013,0.124,0.032,1.58341881794075e-115,"THY1+ MSCs","SNAP25-AS1"
"ENTPD1-AS1",2.07355400333374e-115,0.796125114885034,0.437,0.245,4.66134939949425e-112,"THY1+ MSCs","ENTPD1-AS1"
"FRMD6-AS2",7.76602235188544e-113,1.62578860247705,0.152,0.048,1.74580182470385e-109,"THY1+ MSCs","FRMD6-AS2"
"STX18-AS1",1.71105277294115e-110,1.2969500565744,0.226,0.094,3.8464466335717e-107,"THY1+ MSCs","STX18-AS1"
"POT1-AS1",1.63874046004726e-109,1.93868462634983,0.117,0.031,3.68388855418625e-106,"THY1+ MSCs","POT1-AS1"
"NUP50-DT",1.43351121520691e-107,1.42983351098805,0.174,0.063,3.22253321178513e-104,"THY1+ MSCs","NUP50-DT"
"RORA-AS1",6.86030025472343e-96,0.841994550278116,0.348,0.189,1.54219549726183e-92,"THY1+ MSCs","RORA-AS1"
"TSIX",5.98699567965459e-93,1.45974822248714,0.13,0.042,1.34587662878635e-89,"THY1+ MSCs","TSIX"
"LINC01503",3.31671914058397e-92,1.1753967124339,0.181,0.072,7.45598462803277e-89,"THY1+ MSCs","LINC01503"
"TAPT1-AS1",8.21464753486757e-92,0.847352165419412,0.342,0.187,1.84665276583823e-88,"THY1+ MSCs","TAPT1-AS1"
"TMEM9B-AS1",8.19091938055765e-90,1.28249203755817,0.158,0.059,1.84131867674936e-86,"THY1+ MSCs","TMEM9B-AS1"
"MIR22HG",1.05649475054599e-78,0.557415711559347,0.445,0.277,2.37500019922738e-75,"THY1+ MSCs","MIR22HG"
"NR2F1-AS1",5.1987454560782e-77,0.629370715612231,0.3,0.161,1.16867797852638e-73,"THY1+ MSCs","NR2F1-AS1"
"MIR34AHG",1.4266071441248e-75,1.26087149672697,0.142,0.055,3.20701285999256e-72,"THY1+ MSCs","MIR34AHG"
"LMCD1-AS1",1.93370861015865e-75,0.694336395791862,0.351,0.207,4.34697695563665e-72,"THY1+ MSCs","LMCD1-AS1"
"CASC2",5.56561104267571e-73,1.23568926421,0.149,0.061,1.2511493623935e-69,"THY1+ MSCs","CASC2"
"FGF10-AS1",6.34534450611754e-73,1.26456887296135,0.114,0.039,1.42643344497522e-69,"THY1+ MSCs","FGF10-AS1"
"LINC01376",6.52576127080459e-71,0.743700947096233,0.265,0.141,1.46699113367687e-67,"THY1+ MSCs","LINC01376"
"LINC02516",2.72663745518353e-67,1.09287115898744,0.138,0.056,6.12948099925258e-64,"THY1+ MSCs","LINC02516"
"LINC01550",2.46020054502855e-66,0.668981214860729,0.288,0.161,5.53053082522419e-63,"THY1+ MSCs","LINC01550"
"HCG17",1.52509572492015e-65,0.553622175515594,0.359,0.218,3.42841518962049e-62,"THY1+ MSCs","HCG17"
"SLC16A1-AS1",8.57834857069046e-64,0.682686462294772,0.311,0.183,1.92841275869122e-60,"THY1+ MSCs","SLC16A1-AS1"
"LINC01252",8.8272701200894e-64,1.24014914140984,0.118,0.045,1.9843703229961e-60,"THY1+ MSCs","LINC01252"
"DIRC3",9.60041287899951e-57,1.0926803162123,0.119,0.049,2.15817281519909e-53,"THY1+ MSCs","DIRC3"
"LINC00922",1.43412236016701e-56,1.2643530509567,0.28,0.172,3.22390706565543e-53,"THY1+ MSCs","LINC00922"
"GAS6-AS1",3.10845023940863e-54,1.01642941697615,0.141,0.065,6.9877961381906e-51,"THY1+ MSCs","GAS6-AS1"
"ITGB5-AS1",5.74230534424862e-53,1.25862611261011,0.104,0.041,1.29087024138709e-49,"THY1+ MSCs","ITGB5-AS1"
"LINC00467",1.61885816875919e-51,0.852279808632286,0.164,0.081,3.63919316337065e-48,"THY1+ MSCs","LINC00467"
"LINC01266",1.47341257686061e-50,0.846738620803873,0.183,0.096,3.31223147278264e-47,"THY1+ MSCs","LINC01266"
"LINC01505",2.45339482239679e-48,0.741244943499645,0.165,0.084,5.51523156074799e-45,"THY1+ MSCs","LINC01505"
"LINC01482",7.26532642641708e-47,0.501229806015805,0.357,0.236,1.63324538065856e-43,"THY1+ MSCs","LINC01482"
"SEC24B-AS1",1.81519473361342e-46,0.977047777964702,0.131,0.062,4.08055776116296e-43,"THY1+ MSCs","SEC24B-AS1"
"DPH6-DT",1.01320572533412e-45,0.68641057106128,0.249,0.151,2.27768647055111e-42,"THY1+ MSCs","DPH6-DT"
"NNT-AS1",6.69788627398772e-44,0.576601548413711,0.235,0.14,1.50568483439244e-40,"THY1+ MSCs","NNT-AS1"
"KIF9-AS1",1.33323923923898e-41,0.516776177848688,0.292,0.188,2.99712180980923e-38,"THY1+ MSCs","KIF9-AS1"
"LIX1-AS1",3.62445264204775e-41,0.727225599402241,0.184,0.104,8.14776953932335e-38,"THY1+ MSCs","LIX1-AS1"
"LINC01473",8.49724614055744e-40,0.827783016156048,0.151,0.08,1.91018093239731e-36,"THY1+ MSCs","LINC01473"
"BDNF-AS",2.07180152659838e-39,0.635312103986057,0.218,0.132,4.65740983179317e-36,"THY1+ MSCs","BDNF-AS"
"KCNMB2-AS1",2.90713554407473e-36,0.822211329347488,0.124,0.064,6.53524070308e-33,"THY1+ MSCs","KCNMB2-AS1"
"CHL1-AS1",7.40726813003043e-36,0.708200956454696,0.145,0.079,1.66515387563084e-32,"THY1+ MSCs","CHL1-AS1"
"FRG1-DT",9.098917618714e-34,0.73253887497254,0.111,0.055,2.04543668068691e-30,"THY1+ MSCs","FRG1-DT"
"DLGAP4-AS1",2.97495121459815e-30,0.65140884081961,0.161,0.095,6.68769033041665e-27,"THY1+ MSCs","DLGAP4-AS1"
"SEMA6A-AS1",9.27537353781181e-29,0.773453143971182,0.108,0.057,2.08510397130009e-25,"THY1+ MSCs","SEMA6A-AS1"
"LINC00882",1.34958205625098e-28,0.573698936443564,0.221,0.146,3.03386046245221e-25,"THY1+ MSCs","LINC00882"
"KTN1-AS1",5.85360315221569e-28,0.58659394208792,0.146,0.086,1.31588998861809e-24,"THY1+ MSCs","KTN1-AS1"
"MRPS30-DT",9.64864248222121e-27,0.552444917401292,0.173,0.108,2.16901483000333e-23,"THY1+ MSCs","MRPS30-DT"
"MAP3K14",1.04166249577768e-26,0.595871127818035,0.155,0.094,2.34165729050823e-23,"THY1+ MSCs","MAP3K14"
"PAXIP1-AS2",1.39988330663022e-22,0.528249425048928,0.153,0.097,3.14693767330474e-19,"THY1+ MSCs","PAXIP1-AS2"
"GPRC5D-AS11",1.31327205100351e-21,0.621031679530394,0.132,0.082,2.9522355706559e-18,"THY1+ MSCs","GPRC5D-AS1"
"LIPE-AS1",2.02815770460282e-21,0.507375967409891,0.16,0.103,4.55929851994713e-18,"THY1+ MSCs","LIPE-AS1"
"ZNF529-AS1",3.78797863447209e-21,0.579621161669171,0.123,0.075,8.51537597029325e-18,"THY1+ MSCs","ZNF529-AS1"
"RAP2C-AS1",7.77106226895672e-20,0.518247139328399,0.19,0.133,1.74693479806147e-16,"THY1+ MSCs","RAP2C-AS1"
"ARRDC3-AS1",7.92771281186084e-19,0.560028895217473,0.107,0.065,1.78214984010632e-15,"THY1+ MSCs","ARRDC3-AS1"
"LINC01426",3.03971409943626e-17,0.549977885097454,0.113,0.071,6.83327729553272e-14,"THY1+ MSCs","LINC01426"
"PSMG3-AS1",3.60887041869193e-15,0.52128551689296,0.101,0.064,8.11274070121946e-12,"THY1+ MSCs","PSMG3-AS1"
"CTBP1-DT",1.41925097442358e-14,0.517523197668537,0.102,0.065,3.19047619050422e-11,"THY1+ MSCs","CTBP1-DT"
"LINC00640",0,2.37090836060205,0.543,0.158,0,"Adipo-MSCs","LINC00640"
"MIR646HG",0,2.154880957894,0.509,0.181,0,"Adipo-MSCs","MIR646HG"
"CARMN",0,1.82704475390712,0.484,0.188,0,"Adipo-MSCs","CARMN"
"LINC01091",3.51861374892743e-291,2.2248480309328,0.298,0.089,7.90984370758885e-288,"Adipo-MSCs","LINC01091"
"MSC-AS11",2.13332223853883e-277,1.26817532541777,0.576,0.309,4.79570839223528e-274,"Adipo-MSCs","MSC-AS1"
"LINC01725",1.21452534865281e-228,1.58717865790633,0.457,0.229,2.73025298377151e-225,"Adipo-MSCs","LINC01725"
"DLEU2",1.03248954865946e-191,0.836582727243173,0.837,0.684,2.32103650538647e-188,"Adipo-MSCs","DLEU2"
"FTX",6.98594773927559e-186,0.534566247597943,0.983,0.924,1.57044105178915e-182,"Adipo-MSCs","FTX"
"LINC01515",4.06924993344576e-172,1.48604838077167,0.406,0.216,9.14767385038607e-169,"Adipo-MSCs","LINC01515"
"RBMS3-AS2",1.24750968069848e-165,1.13716867354297,0.49,0.297,2.80440176221019e-162,"Adipo-MSCs","RBMS3-AS2"
"NR2F1-AS11",1.12905024888533e-135,1.35675366548174,0.308,0.151,2.53810495949422e-132,"Adipo-MSCs","NR2F1-AS1"
"CYP1B1-AS1",3.18278907417813e-121,0.967065083599576,0.525,0.361,7.15490983875244e-118,"Adipo-MSCs","CYP1B1-AS1"
"NR2F2-AS11",2.97758581748932e-99,1.34430315593377,0.291,0.158,6.69361291771599e-96,"Adipo-MSCs","NR2F2-AS1"
"LINC015501",2.42342740495276e-98,1.16805258826916,0.288,0.155,5.44786480633381e-95,"Adipo-MSCs","LINC01550"
"LINC01768",9.74426197925369e-90,1.97247537496027,0.1,0.029,2.19051009293623e-86,"Adipo-MSCs","LINC01768"
"LINC01436",6.78038152475414e-85,1.69943702909233,0.101,0.031,1.52422976676473e-81,"Adipo-MSCs","LINC01436"
"MIR503HG",2.85950445293576e-83,1.67807377052189,0.103,0.033,6.42816601019959e-80,"Adipo-MSCs","MIR503HG"
"LINC023841",1.03325480297431e-80,0.626471567343423,0.493,0.335,2.32275679708626e-77,"Adipo-MSCs","LINC02384"
"LINC01600",1.43036032832871e-79,1.50130735768369,0.137,0.054,3.21545001808294e-76,"Adipo-MSCs","LINC01600"
"VCAN-AS11",1.78326607788625e-78,0.54412272734031,0.359,0.22,4.0087821430883e-75,"Adipo-MSCs","VCAN-AS1"
"LINC009221",2.82351876005434e-77,1.12227383140303,0.283,0.165,6.34727017260216e-74,"Adipo-MSCs","LINC00922"
"ABHD15-AS1",1.68933334043224e-75,0.95845415766761,0.249,0.135,3.79762134929167e-72,"Adipo-MSCs","ABHD15-AS1"
"GABPB1-AS1",7.44031227625119e-72,0.759143380841801,0.452,0.326,1.67258219970127e-68,"Adipo-MSCs","GABPB1-AS1"
"C1RL-AS1",5.73722917719717e-71,1.00013427167394,0.239,0.131,1.28972911903392e-67,"Adipo-MSCs","C1RL-AS1"
"CHL1-AS11",1.8301675126073e-67,1.24670324574061,0.156,0.072,4.11421656834122e-64,"Adipo-MSCs","CHL1-AS1"
"MUC20-OT1",2.22780012695768e-67,0.591194434482376,0.585,0.463,5.00809468540087e-64,"Adipo-MSCs","MUC20-OT1"
"ABCA9-AS11",1.92763515247159e-66,1.06484904028743,0.234,0.132,4.33332382275613e-63,"Adipo-MSCs","ABCA9-AS1"
"GMDS-DT",5.25122841304967e-62,0.527938508100251,0.664,0.553,1.18047614725356e-58,"Adipo-MSCs","GMDS-DT"
"LINC02202",8.48689396608534e-61,0.747372677959895,0.329,0.213,1.90785376357598e-57,"Adipo-MSCs","LINC02202"
"LMCD1-AS11",4.2817493775177e-60,0.98097311420849,0.318,0.21,9.62537260065979e-57,"Adipo-MSCs","LMCD1-AS1"
"CABIN1",5.89460446456178e-52,0.833330312774636,0.284,0.186,1.32510708363349e-48,"Adipo-MSCs","CABIN1"
"MIR4435-2HG1",8.53561393383701e-51,0.642818698505229,0.564,0.46,1.91880601232656e-47,"Adipo-MSCs","MIR4435-2HG"
"WASF3-AS1",1.63947448612033e-49,1.13477903787013,0.128,0.062,3.68553864479851e-46,"Adipo-MSCs","WASF3-AS1"
"LINC01836",6.10451034463123e-48,1.19591415194745,0.125,0.06,1.3722939254731e-44,"Adipo-MSCs","LINC01836"
"DPYD-AS11",7.17925776126202e-48,0.983604483122624,0.333,0.239,1.6138971447317e-44,"Adipo-MSCs","DPYD-AS1"
"RBMS3-AS3",1.68717291833273e-45,0.826501110188681,0.23,0.145,3.79276472041198e-42,"Adipo-MSCs","RBMS3-AS3"
"KAZN-AS1",1.51408624770836e-42,0.731783777042339,0.226,0.142,3.4036658848484e-39,"Adipo-MSCs","KAZN-AS1"
"LINC025161",1.46867488893035e-38,1.17239938047953,0.115,0.059,3.30158115031542e-35,"Adipo-MSCs","LINC02516"
"LINC00685",2.90184900452855e-36,0.809077358414463,0.178,0.108,6.52335656218018e-33,"Adipo-MSCs","LINC00685"
"XIST1",5.40185376048883e-36,0.501381868069184,0.49,0.407,1.21433672535789e-32,"Adipo-MSCs","XIST"
"LINC00598",1.71672465726126e-32,1.09904798588434,0.122,0.068,3.85919702952332e-29,"Adipo-MSCs","LINC00598"
"GAS6-AS11",1.74114351397442e-32,0.986672405813529,0.121,0.067,3.9140906194145e-29,"Adipo-MSCs","GAS6-AS1"
"MIATNB",4.72368712515668e-32,0.819539772719924,0.182,0.116,1.06188486573522e-28,"Adipo-MSCs","MIATNB"
"STARD4-AS1",1.39869867792446e-30,0.918223566014468,0.108,0.059,3.14427462797419e-27,"Adipo-MSCs","STARD4-AS1"
"DPH6-DT1",2.40969495934189e-29,0.709459820329597,0.223,0.154,5.41699426860057e-26,"Adipo-MSCs","DPH6-DT"
"LINC014261",2.82239761905005e-29,0.99732611241207,0.118,0.067,6.34474984762452e-26,"Adipo-MSCs","LINC01426"
"HMGN3-AS1",5.12939435605821e-28,0.960522807528081,0.102,0.056,1.15308785124189e-24,"Adipo-MSCs","HMGN3-AS1"
"PRKCA-AS1",8.58707550512444e-28,0.777416559276793,0.157,0.099,1.93037457355197e-24,"Adipo-MSCs","PRKCA-AS1"
"TTN-AS1",3.36749965146155e-26,0.506401158639018,0.32,0.246,7.57013921648557e-23,"Adipo-MSCs","TTN-AS1"
"TAPT1-AS11",2.11817272674983e-25,0.543301906626747,0.271,0.201,4.76165228973361e-22,"Adipo-MSCs","TAPT1-AS1"
"FRMD6-AS21",6.15068827711222e-25,0.820688842827269,0.102,0.058,1.38267472469483e-21,"Adipo-MSCs","FRMD6-AS2"
"LINC00472",2.84828696068643e-23,0.63048773930015,0.133,0.084,6.4029490876231e-20,"Adipo-MSCs","LINC00472"
"SDCBP2-AS1",4.52643170104509e-22,0.68872573770003,0.14,0.091,1.01754184639494e-18,"Adipo-MSCs","SDCBP2-AS1"
"A2ML1-AS1",1.07235557451669e-21,0.789449928524734,0.112,0.068,2.41065533151352e-18,"Adipo-MSCs","A2ML1-AS1"
"LIPE-AS11",4.03050921480344e-20,0.728095321827349,0.151,0.103,9.06058471487813e-17,"Adipo-MSCs","LIPE-AS1"
"LIX1-AS11",6.21596552413939e-20,0.664071968092745,0.157,0.108,1.39734904982654e-16,"Adipo-MSCs","LIX1-AS1"
"DLGAP4-AS11",1.06698587551245e-17,0.606669941712983,0.142,0.098,2.39858424815198e-14,"Adipo-MSCs","DLGAP4-AS1"
"LINC015051",1.23910122524141e-17,0.780755851071133,0.133,0.09,2.78549955434269e-14,"Adipo-MSCs","LINC01505"
"LENG8-AS1",1.94141160171362e-17,0.629175775686421,0.131,0.088,4.36429328065222e-14,"Adipo-MSCs","LENG8-AS1"
"CERS3-AS1",2.03544382694862e-17,0.607200662573713,0.151,0.105,4.5756777229805e-14,"Adipo-MSCs","CERS3-AS1"
"GNG12-AS1",3.97103491371117e-17,0.560269017080585,0.221,0.168,8.92688648602272e-14,"Adipo-MSCs","GNG12-AS1"
"TMEM9B-AS11",1.92329506025775e-14,0.709504936805158,0.105,0.07,4.32356729545941e-11,"Adipo-MSCs","TMEM9B-AS1"
"LINC015031",9.33052602194734e-14,0.642683666000476,0.121,0.085,2.09750224973376e-10,"Adipo-MSCs","LINC01503"
"SNHG22",1.49218665138829e-13,0.667984914738506,0.115,0.08,3.35443559232088e-10,"Adipo-MSCs","SNHG22"
"LINC01089",1.85897498424521e-13,0.653911218617037,0.105,0.071,4.17897576458323e-10,"Adipo-MSCs","LINC01089"
"LIFR-AS1",3.47489423537929e-13,1.06561671324921,0.179,0.139,7.81156224113265e-10,"Adipo-MSCs","LIFR-AS1"
"LINC013761",3.74866918026093e-13,0.526726558474094,0.199,0.155,8.42700831722656e-10,"Adipo-MSCs","LINC01376"
"LINC024781",8.18166764507097e-13,0.523960233098302,0.123,0.088,1.83923888661195e-09,"Adipo-MSCs","LINC02478"
"HOTAIRM1",2.70846834910693e-10,0.52118453011942,0.12,0.089,6.08863684879238e-07,"Adipo-MSCs","HOTAIRM1"
"TTTY10",2.85293476344383e-09,0.609161907197246,0.118,0.089,6.41339734822174e-06,"Adipo-MSCs","TTTY10"
"TMEM72-AS11",2.18869350648076e-08,0.524545752811036,0.157,0.125,4.92018300256875e-05,"Adipo-MSCs","TMEM72-AS1"
"VCAN-AS12",0,2.5343392702404,0.705,0.227,0,"Adipocytes","VCAN-AS1"
"ADIPOQ-AS1",0,4.48647362438606,0.236,0.016,0,"Adipocytes","ADIPOQ-AS1"
"KCNIP2-AS11",5.11194567607772e-283,3.36315438879137,0.376,0.066,1.14916538798227e-279,"Adipocytes","KCNIP2-AS1"
"ABHD15-AS11",3.78149887286326e-262,2.49462785777072,0.536,0.141,8.50080946619662e-259,"Adipocytes","ABHD15-AS1"
"MIR646HG1",1.98550589341381e-186,1.47729404949987,0.645,0.237,4.46341724839425e-183,"Adipocytes","MIR646HG"
"TTTY101",9.4092211627624e-178,2.31786939228887,0.351,0.082,2.11519291738899e-174,"Adipocytes","TTTY10"
"WASF3-AS11",4.01882444693296e-153,2.22830723068503,0.293,0.066,9.03431735670529e-150,"Adipocytes","WASF3-AS1"
"LINC006401",2.18782851378152e-148,1.46107707977167,0.588,0.23,4.91823849898087e-145,"Adipocytes","LINC00640"
"LINC01362",1.34261442487653e-122,2.50093952729715,0.223,0.048,3.01819722712243e-119,"Adipocytes","LINC01362"
"CHL1-AS12",3.85644493846431e-106,1.92861764065263,0.284,0.081,8.66928822166777e-103,"Adipocytes","CHL1-AS1"
"LINC017251",4.77547076596584e-101,1.20395527521576,0.573,0.267,1.07352582818912e-97,"Adipocytes","LINC01725"
"RBMS3-AS21",2.68951630012367e-97,1.57676039211541,0.604,0.328,6.046032642678e-94,"Adipocytes","RBMS3-AS2"
"RBMS3-AS31",1.26469727450914e-93,1.58251838660576,0.393,0.152,2.84303947309654e-90,"Adipocytes","RBMS3-AS3"
"CYP1B1-AS11",9.62880136714459e-77,1.21022766001443,0.65,0.386,2.1645545473341e-73,"Adipocytes","CYP1B1-AS1"
"OSBPL10-AS1",1.38021200067364e-69,2.3293938515866,0.132,0.029,3.10271657751435e-66,"Adipocytes","OSBPL10-AS1"
"G2E3-AS1",1.09020225406331e-66,1.97585611280325,0.172,0.047,2.45077466713433e-63,"Adipocytes","G2E3-AS1"
"FTX1",1.12680263437052e-63,0.500961094195501,0.995,0.934,2.53305232206492e-60,"Adipocytes","FTX"
"TMLHE-AS1",1.18842165849364e-62,1.52022813422314,0.264,0.098,2.6715718882937e-59,"Adipocytes","TMLHE-AS1"
"TTTY142",3.65749623524117e-61,1.0651109279219,0.443,0.221,8.22205153682215e-58,"Adipocytes","TTTY14"
"MSC-AS12",4.26459990485342e-59,0.882430506103071,0.606,0.359,9.58682058611048e-56,"Adipocytes","MSC-AS1"
"NUTM2B-AS1",3.36218007541667e-57,0.744917822233639,0.733,0.499,7.55818080953668e-54,"Adipocytes","NUTM2B-AS1"
"CARMN1",4.84490477309563e-55,0.890982210674597,0.477,0.245,1.0891345929919e-51,"Adipocytes","CARMN"
"ENTPD1-AS11",1.59071236464556e-54,1.20787869182757,0.482,0.271,3.57592139572322e-51,"Adipocytes","ENTPD1-AS1"
"LIPE-AS12",5.47142239746871e-53,1.41649020101713,0.262,0.106,1.22997575495097e-49,"Adipocytes","LIPE-AS1"
"MANEA-DT",8.94423267381303e-53,1.8277494760295,0.167,0.052,2.01066350507317e-49,"Adipocytes","MANEA-DT"
"ABCA9-AS12",1.23347702585221e-52,1.15187822453458,0.326,0.146,2.77285635411577e-49,"Adipocytes","ABCA9-AS1"
"LINC002781",2.28391744160346e-51,1.35484074981875,0.213,0.076,5.13424640872458e-48,"Adipocytes","LINC00278"
"LINC013762",7.10895245386237e-48,1.21384178562016,0.329,0.157,1.59809251162826e-44,"Adipocytes","LINC01376"
"ZBTB20-AS5",2.87968713149146e-47,1.04966298962603,0.383,0.197,6.4735366715928e-44,"Adipocytes","ZBTB20-AS5"
"DPYD-AS12",5.1066289084651e-47,1.0077314951206,0.452,0.251,1.14797017862296e-43,"Adipocytes","DPYD-AS1"
"NR2F1-AS12",8.65395580872659e-46,1.11010517970155,0.356,0.179,1.94540926580174e-42,"Adipocytes","NR2F1-AS1"
"ALG13-AS1",2.10512134107307e-45,1.43981223146448,0.193,0.07,4.73231277473225e-42,"Adipocytes","ALG13-AS1"
"GOLGA8M",2.87337889230859e-45,1.76780796639107,0.142,0.044,6.4593557499097e-42,"Adipocytes","GOLGA8M"
"RDH10-AS1",1.02571270957806e-44,1.66650640102869,0.164,0.055,2.30580217113148e-41,"Adipocytes","RDH10-AS1"
"LINC005981",1.11399661557425e-42,1.5588089601603,0.195,0.075,2.50426439181092e-39,"Adipocytes","LINC00598"
"TMEM108-AS1",1.2698051556498e-41,1.632900692612,0.138,0.044,2.85452198990074e-38,"Adipocytes","TMEM108-AS1"
"ADAMTS9-AS1",4.66519737719869e-41,1.6126117404628,0.145,0.048,1.04873637039427e-37,"Adipocytes","ADAMTS9-AS1"
"IPO9-AS1",4.8050902506869e-41,0.977867996557623,0.399,0.22,1.08018428835442e-37,"Adipocytes","IPO9-AS1"
"LINC012661",2.80691013934216e-40,1.45166057088311,0.239,0.106,6.30993399324117e-37,"Adipocytes","LINC01266"
"TAPT1-AS12",6.86151055625986e-39,0.897809067346881,0.383,0.208,1.54246757304722e-35,"Adipocytes","TAPT1-AS1"
"LINC025162",1.1667281490897e-38,1.52820468005358,0.175,0.066,2.62280487915365e-35,"Adipocytes","LINC02516"
"BFSP2-AS1",1.25977060206394e-38,1.8974140273717,0.107,0.031,2.83196431343973e-35,"Adipocytes","BFSP2-AS1"
"PSMA3-AS1",1.6842373416244e-37,0.705006272057494,0.52,0.323,3.78616554397165e-34,"Adipocytes","PSMA3-AS1"
"A2ML1-AS11",1.72952864217093e-37,1.32408361396956,0.185,0.073,3.88798038760025e-34,"Adipocytes","A2ML1-AS1"
"LINC02456",5.60262096996273e-37,1.72172588608091,0.11,0.033,1.25946919404762e-33,"Adipocytes","LINC02456"
"HOXB-AS1",8.36951027770723e-37,1.03590039814668,0.251,0.115,1.88146591042859e-33,"Adipocytes","HOXB-AS1"
"LINC022021",1.07860508666904e-34,0.737904975284512,0.403,0.231,2.424704234832e-31,"Adipocytes","LINC02202"
"BDNF-AS1",9.16613791665026e-34,1.0461920773273,0.279,0.142,2.06054780366298e-30,"Adipocytes","BDNF-AS"
"LINC004721",4.22593526565563e-32,1.36316982625223,0.201,0.09,9.49990247719385e-29,"Adipocytes","LINC00472"
"GMDS-DT1",1.23577645486497e-31,0.609726545702921,0.735,0.571,2.77802547053644e-28,"Adipocytes","GMDS-DT"
"LINC017681",3.2758486470801e-29,1.51886380409815,0.117,0.042,7.36410775863606e-26,"Adipocytes","LINC01768"
"LINC00840",2.89247525058761e-27,1.46543880418678,0.102,0.035,6.50228436332095e-24,"Adipocytes","LINC00840"
"CFLAR-AS1",3.50784034927498e-27,1.37777148486355,0.129,0.05,7.88562510517015e-24,"Adipocytes","CFLAR-AS1"
"LINC015052",5.5258203711455e-27,1.3669512213367,0.198,0.095,1.24220441943351e-23,"Adipocytes","LINC01505"
"SH3BP5-AS1",3.60620283294088e-26,1.54984495288444,0.101,0.035,8.10674396845109e-23,"Adipocytes","SH3BP5-AS1"
"LINC01239",7.51806052049923e-26,1.49654127512584,0.137,0.057,1.69006000500823e-22,"Adipocytes","LINC01239"
"WEE2-AS1",3.90954049952352e-25,1.49967153828983,0.107,0.039,8.78864704292887e-22,"Adipocytes","WEE2-AS1"
"GABPB1-AS11",1.24167199103253e-24,0.507253343382929,0.512,0.347,2.79127863584113e-21,"Adipocytes","GABPB1-AS1"
"LMCD1-AS12",1.55095157107617e-24,0.781309295273321,0.364,0.228,3.48653913177923e-21,"Adipocytes","LMCD1-AS1"
"FRMD6-AS22",3.38199581874704e-23,1.43618817108887,0.145,0.064,7.60272660054335e-20,"Adipocytes","FRMD6-AS2"
"LY6E-DT",5.15779875916599e-23,1.18394821572387,0.125,0.052,1.15947316106052e-19,"Adipocytes","LY6E-DT"
"PRKCA-AS11",6.84322780861119e-23,0.992071530640284,0.208,0.107,1.5383576113758e-19,"Adipocytes","PRKCA-AS1"
"MIATNB1",2.20640205165859e-22,0.816663308872078,0.234,0.126,4.95999181212852e-19,"Adipocytes","MIATNB"
"USP3-AS1",1.37658914519312e-21,0.77079907011832,0.282,0.166,3.09457239839414e-18,"Adipocytes","USP3-AS1"
"LINC00954",2.2559516365498e-21,1.28066254870717,0.109,0.044,5.07137927896394e-18,"Adipocytes","LINC00954"
"KMT2E-AS1",3.659893140585e-21,0.740619352838868,0.314,0.191,8.22743978003508e-18,"Adipocytes","KMT2E-AS1"
"CRTC3-AS1",6.0974970651966e-21,1.09543201837223,0.164,0.08,1.3707173402562e-17,"Adipocytes","CRTC3-AS1"
"KAZN-AS11",1.02263508070453e-20,0.788818123946357,0.267,0.156,2.29888366142378e-17,"Adipocytes","KAZN-AS1"
"MAP3K20-AS1",2.06661434943274e-20,1.38132930427674,0.1,0.04,4.64574905752481e-17,"Adipocytes","MAP3K20-AS1"
"FRG1-DT1",2.47167625628007e-20,1.25662935512326,0.136,0.062,5.55632822411761e-17,"Adipocytes","FRG1-DT"
"ZMYM4-AS1",1.03878267485549e-19,1.271942693195,0.111,0.047,2.33518345307514e-16,"Adipocytes","ZMYM4-AS1"
"CLMAT3",1.08433094493024e-19,1.07012761598243,0.169,0.085,2.43757596420317e-16,"Adipocytes","CLMAT3"
"LIX1-AS12",2.07961258653141e-19,0.881618251100247,0.21,0.115,4.67496909452262e-16,"Adipocytes","LIX1-AS1"
"PSMG3-AS11",5.06654135853894e-19,1.04640146779625,0.142,0.068,1.13895849739955e-15,"Adipocytes","PSMG3-AS1"
"UFL1-AS1",5.52866331522945e-19,1.45035789036574,0.114,0.05,1.24284351326358e-15,"Adipocytes","UFL1-AS1"
"LINC015151",1.04550450008002e-18,0.595987386855495,0.379,0.255,2.35029411617989e-15,"Adipocytes","LINC01515"
"SEC24B-AS11",4.31090477653333e-18,1.1236890292141,0.145,0.071,9.69091393764693e-15,"Adipocytes","SEC24B-AS1"
"LINC00630",7.57446671961933e-18,0.869696949332531,0.196,0.107,1.70274011857043e-14,"Adipocytes","LINC00630"
"NR2F2-AS12",7.93285754208798e-17,0.666360648901452,0.288,0.184,1.78330637546138e-13,"Adipocytes","NR2F2-AS1"
"SNAP25-AS11",2.01966762627919e-16,0.972050452971018,0.105,0.047,4.54021282387561e-13,"Adipocytes","SNAP25-AS1"
"LINC010911",3.10992104408508e-16,0.541166986847582,0.226,0.133,6.99110250710325e-13,"Adipocytes","LINC01091"
"LIFR-AS11",3.65691177173348e-16,0.942023490419023,0.235,0.143,8.22073766285686e-13,"Adipocytes","LIFR-AS1"
"LINC02256",4.18610293832241e-16,0.533800788036976,0.298,0.19,9.41035940534877e-13,"Adipocytes","LINC02256"
"LINC004671",2.2369246875576e-15,0.850958361063639,0.17,0.093,5.0286066976295e-12,"Adipocytes","LINC00467"
"LINC015502",2.37219334657736e-15,0.581699843296399,0.284,0.181,5.3326906431059e-12,"Adipocytes","LINC01550"
"LINC010891",9.6805776443363e-15,0.857163725830858,0.144,0.076,2.1761938544468e-11,"Adipocytes","LINC01089"
"PAXIP1-AS21",3.54682016659763e-14,0.796892826941531,0.18,0.104,7.97325173451148e-11,"Adipocytes","PAXIP1-AS2"
"UGDH-AS1",1.08915648870043e-13,0.610027229147053,0.243,0.154,2.44842378659857e-10,"Adipocytes","UGDH-AS1"
"STARD4-AS11",1.93898214652977e-13,0.914926594702573,0.128,0.067,4.35883186539891e-10,"Adipocytes","STARD4-AS1"
"SEMA6A-AS11",2.9979796351946e-13,0.958299014244362,0.123,0.064,6.73945821991745e-10,"Adipocytes","SEMA6A-AS1"
"PLCG1-AS11",1.10938766779496e-12,0.808621779178978,0.142,0.079,2.49390347720306e-09,"Adipocytes","PLCG1-AS1"
"MMP25-AS1",1.62719244519277e-12,0.819993813468622,0.119,0.062,3.65792861679334e-09,"Adipocytes","MMP25-AS1"
"LINC006851",3.55936297890475e-12,0.528693871019152,0.198,0.121,8.00144797657789e-09,"Adipocytes","LINC00685"
"ZNF337-AS1",1.06858434027914e-11,1.06578309953898,0.102,0.052,2.4021775969475e-08,"Adipocytes","ZNF337-AS1"
"LRRC8C-DT",1.08825131116732e-11,0.965511070255277,0.108,0.056,2.44638894750413e-08,"Adipocytes","LRRC8C-DT"
"ZBTB20-AS1",1.94471742080873e-11,0.888014632204998,0.112,0.06,4.37172476197803e-08,"Adipocytes","ZBTB20-AS1"
"RORA-AS11",1.94666613310537e-11,0.536079522531447,0.306,0.215,4.37610546722087e-08,"Adipocytes","RORA-AS1"
"ZNF451-AS1",2.27561141232543e-11,0.555829757952929,0.201,0.126,5.11557445490757e-08,"Adipocytes","ZNF451-AS1"
"ZNF781",4.50418184417829e-11,0.881848369141454,0.103,0.054,1.01254007857128e-07,"Adipocytes","ZNF781"
"RAP2C-AS11",7.15960589369267e-11,0.838576344353681,0.212,0.14,1.60947940490211e-07,"Adipocytes","RAP2C-AS1"
"SNHG221",1.83986356300582e-10,0.804069100158558,0.143,0.085,4.13601328963709e-07,"Adipocytes","SNHG22"
"MRPS30-DT1",2.53521035194166e-10,0.603160158659915,0.185,0.117,5.69915287116485e-07,"Adipocytes","MRPS30-DT"
"LINC014731",3.22812059099872e-10,0.751630082987978,0.151,0.091,7.25681508856512e-07,"Adipocytes","LINC01473"
"CERS3-AS11",7.36621714250349e-10,0.689866709148227,0.176,0.113,1.65592561363478e-06,"Adipocytes","CERS3-AS1"
"LINC024782",4.42083410126609e-09,0.728320257690678,0.149,0.093,9.93803505964616e-06,"Adipocytes","LINC02478"
"CASC21",4.8474288396474e-09,0.818221403315405,0.126,0.076,1.08970200315274e-05,"Adipocytes","CASC2"
"DLGAP4-AS12",5.23841749022071e-09,0.676887336352594,0.164,0.105,1.17759625180162e-05,"Adipocytes","DLGAP4-AS1"
"KIF9-AS11",6.37232229471141e-09,0.500321960481305,0.279,0.204,1.43249805185112e-05,"Adipocytes","KIF9-AS1"
"ITGB1-DT",1.55447006759323e-08,0.723970107814393,0.111,0.065,3.49444871194958e-05,"Adipocytes","ITGB1-DT"
"MIR29B2CHG",2.97434601637894e-08,0.51280862841967,0.202,0.138,6.68632984481985e-05,"Adipocytes","MIR29B2CHG"
"ARRDC3-AS11",7.55516873876676e-08,0.664109635365881,0.116,0.071,0.000169840193247477,"Adipocytes","ARRDC3-AS1"
"RHOXF1-AS1",7.80671485092859e-08,0.510373332443709,0.146,0.094,0.000175494949848875,"Adipocytes","RHOXF1-AS1"
"SDCBP2-AS11",1.45107278222842e-07,0.699307312097914,0.15,0.1,0.00032620116144495,"Adipocytes","SDCBP2-AS1"
"LINC023161",2.38271999715961e-07,0.751139804841318,0.114,0.071,0.000535635455361481,"Adipocytes","LINC02316"
"MCPH1-AS1",4.22407776947273e-07,0.635414753383047,0.116,0.073,0.000949572682577469,"Adipocytes","MCPH1-AS1"
"SBF2-AS1",4.39252688156462e-07,0.652321601953635,0.102,0.062,0.000987440042975727,"Adipocytes","SBF2-AS1"
"HMGN3-AS11",6.39703726518226e-07,0.635787815930716,0.105,0.065,0.00143805397721297,"Adipocytes","HMGN3-AS1"
"MIR762HG",5.66118267971613e-06,0.564539996469274,0.119,0.079,0.0127263386640019,"Adipocytes","MIR762HG"
"TRAM2-AS1",1.90051423424448e-05,0.514878718255026,0.111,0.074,0.0427235599858159,"Adipocytes","TRAM2-AS1"
"ZNF529-AS11",2.15649255389829e-05,0.574953343402715,0.12,0.082,0.0484779526116335,"Adipocytes","ZNF529-AS1"
"LINC01139",3.90045721018428e-05,0.528956955707575,0.101,0.067,0.0876822780849427,"Adipocytes","LINC01139"
"SAP30L-AS1",0.000306237241394748,0.559545275540998,0.107,0.076,0.688421318655394,"Adipocytes","SAP30L-AS1"
"DIAPH2-AS11",0.00082658216474636,0.651869557194701,0.106,0.078,1,"Adipocytes","DIAPH2-AS1"
"ITGB1-DT1",5.24168108833648e-210,3.09912838238524,0.328,0.056,1.17832990865804e-206,"High transcription MSCs","ITGB1-DT"
"DRAIC",1.59136854536156e-201,4.03330021514724,0.195,0.02,3.5773964899728e-198,"High transcription MSCs","DRAIC"
"SNHG121",7.94438089244718e-187,2.49640554286651,0.532,0.167,1.78589682462213e-183,"High transcription MSCs","SNHG12"
"KMT2E-AS11",5.78919581593165e-182,2.30737357921722,0.553,0.182,1.30141121942143e-178,"High transcription MSCs","KMT2E-AS1"
"NEAT1",7.27949188614763e-150,1.19556175791931,1,0.98,1.63642977600599e-146,"High transcription MSCs","NEAT1"
"LINC01703",3.41094777251661e-133,2.915372425765,0.234,0.043,7.66781059261735e-130,"High transcription MSCs","LINC01703"
"ZFX-AS1",9.59042199066705e-123,3.13070501272115,0.184,0.029,2.15592686350195e-119,"High transcription MSCs","ZFX-AS1"
"C1QTNF1-AS1",6.66199374333281e-120,3.07765198299993,0.296,0.075,1.49761619350122e-116,"High transcription MSCs","C1QTNF1-AS1"
"HDAC11-AS1",7.89978067437907e-116,3.07109970813384,0.15,0.02,1.77587069560041e-112,"High transcription MSCs","HDAC11-AS1"
"ATP2B1-AS1",9.86290374445376e-114,2.37899523356931,0.39,0.128,2.21718076175321e-110,"High transcription MSCs","ATP2B1-AS1"
"LINC004722",1.90173265168453e-105,2.39399531385361,0.308,0.086,4.27509500098682e-102,"High transcription MSCs","LINC00472"
"MALAT1",9.9032885802617e-102,0.554329877253918,1,1,2.22625927284283e-98,"High transcription MSCs","MALAT1"
"DNAJC27-AS1",1.27925465253895e-98,2.21300956143747,0.324,0.098,2.87576445890756e-95,"High transcription MSCs","DNAJC27-AS1"
"LINC01220",2.49738197308152e-93,2.74006755326034,0.158,0.028,5.61411467548725e-90,"High transcription MSCs","LINC01220"
"SPART-AS1",5.66262668789925e-89,2.25895058489364,0.289,0.086,1.27295847943975e-85,"High transcription MSCs","SPART-AS1"
"LINC022022",1.98140857113541e-86,1.805522350678,0.491,0.229,4.4542064679124e-83,"High transcription MSCs","LINC02202"
"LINC00880",2.98475536775678e-84,2.67919977316635,0.163,0.032,6.70973006671725e-81,"High transcription MSCs","LINC00880"
"CLMAT31",5.53692425850495e-75,2.06957223838725,0.264,0.082,1.24470057331191e-71,"High transcription MSCs","CLMAT3"
"PRMT5-AS1",4.10285752945232e-73,2.81173784151081,0.106,0.016,9.22322372620882e-70,"High transcription MSCs","PRMT5-AS1"
"RN7SL832P",9.718855422418e-73,2.54389316770895,0.196,0.05,2.18479869895957e-69,"High transcription MSCs","RN7SL832P"
"ZNF460-AS1",1.37521430551847e-72,2.21362471466255,0.2,0.051,3.09148175880552e-69,"High transcription MSCs","ZNF460-AS1"
"PATL2",2.03553214764888e-72,2.09536062374718,0.206,0.054,4.57587626791469e-69,"High transcription MSCs","PATL2"
"LINC00324",5.00445427429397e-69,2.60949080135494,0.192,0.051,1.12500132086128e-65,"High transcription MSCs","LINC00324"
"CAMTA1-DT",1.30209527837993e-68,2.16434572490561,0.179,0.044,2.92711018579808e-65,"High transcription MSCs","CAMTA1-DT"
"P3H2-AS1",1.33008669174429e-68,2.72436822224591,0.13,0.025,2.99003488304115e-65,"High transcription MSCs","P3H2-AS1"
"UBAC2-AS1",2.7410405749875e-62,2.39557718527303,0.129,0.027,6.1618592125719e-59,"High transcription MSCs","UBAC2-AS1"
"KCNQ1OT11",1.303172210918e-61,0.950224376591093,0.733,0.484,2.92953113014367e-58,"High transcription MSCs","KCNQ1OT1"
"DNM3OS",4.99874495981731e-61,1.57053220049561,0.44,0.218,1.12371786696693e-57,"High transcription MSCs","DNM3OS"
"SNHG25",8.09307935604638e-58,1.3713652505346,0.49,0.269,1.81932423923923e-54,"High transcription MSCs","SNHG25"
"VIM-AS1",6.46494642400303e-57,2.01106306122011,0.218,0.07,1.45331995611588e-53,"High transcription MSCs","VIM-AS1"
"XIST2",1.16676530431769e-56,0.732060592179458,0.711,0.414,2.62288840410617e-53,"High transcription MSCs","XIST"
"LENG8-AS11",4.6449571200838e-54,1.77596730608639,0.251,0.091,1.04418636059484e-50,"High transcription MSCs","LENG8-AS1"
"LINC022561",1.76434643422793e-53,1.5152003838426,0.387,0.187,3.96625078414439e-50,"High transcription MSCs","LINC02256"
"TMEM44-AS1",1.02968592212604e-47,1.6531102511196,0.263,0.105,2.31473395293934e-44,"High transcription MSCs","TMEM44-AS1"
"RDH10-AS11",3.52887880898708e-45,2.12268042709474,0.174,0.056,7.93291956260295e-42,"High transcription MSCs","RDH10-AS1"
"ARRDC3-AS12",4.94138084431483e-45,1.77848976626672,0.196,0.068,1.11082241380197e-41,"High transcription MSCs","ARRDC3-AS1"
"LINC023842",3.0227897636812e-44,0.878281852698788,0.603,0.362,6.79523138875534e-41,"High transcription MSCs","LINC02384"
"THUMPD3-AS1",6.83465504592925e-42,1.18852004639744,0.503,0.315,1.5364304543249e-38,"High transcription MSCs","THUMPD3-AS1"
"NUTM2B-AS11",1.88818270074839e-41,0.972927433911734,0.661,0.504,4.24463471128239e-38,"High transcription MSCs","NUTM2B-AS1"
"CDC37L1-DT",6.76406169929295e-39,2.10782750907081,0.117,0.032,1.52056107000105e-35,"High transcription MSCs","CDC37L1-DT"
"TMEM254-AS1",1.26572571515162e-37,1.99646841348319,0.153,0.051,2.84535140766085e-34,"High transcription MSCs","TMEM254-AS1"
"ARIH2OS",3.07415673684204e-37,1.86252778138424,0.163,0.056,6.91070434442091e-34,"High transcription MSCs","ARIH2OS"
"FAM222A-AS11",3.61307748276544e-36,1.91332848904977,0.166,0.059,8.12219818125672e-33,"High transcription MSCs","FAM222A-AS1"
"LINC00607",1.98485095900133e-35,1.87201248686426,0.136,0.043,4.461944955835e-32,"High transcription MSCs","LINC00607"
"CARMN2",5.09647730872394e-34,0.856317404675433,0.432,0.25,1.14568809900114e-30,"High transcription MSCs","CARMN"
"GCC2-AS1",1.08138123442687e-32,1.51568478965095,0.201,0.083,2.43094501499159e-29,"High transcription MSCs","GCC2-AS1"
"BHLHE40-AS11",1.14315301189686e-32,1.66868437310225,0.196,0.081,2.56980797074414e-29,"High transcription MSCs","BHLHE40-AS1"
"MIR22HG1",1.39428567473484e-32,1.06316358299081,0.464,0.303,3.13435419680393e-29,"High transcription MSCs","MIR22HG"
"C14orf178",3.83279856309277e-31,2.23661915469926,0.101,0.029,8.61613116983254e-28,"High transcription MSCs","C14orf178"
"DNAJC3-DT",4.49657532731334e-30,1.83314443742008,0.136,0.048,1.01083013358004e-26,"High transcription MSCs","DNAJC3-DT"
"MZF1-AS11",6.4161298028148e-30,1.31974113254006,0.236,0.11,1.44234597967277e-26,"High transcription MSCs","MZF1-AS1"
"LINC01504",6.65494962307683e-28,1.72190587543689,0.129,0.045,1.49603267526767e-24,"High transcription MSCs","LINC01504"
"LINC01301",1.41114324174259e-27,1.49924680922454,0.146,0.055,3.17225000743735e-24,"High transcription MSCs","LINC01301"
"ILF3-DT",2.76898582420074e-26,1.18899955467824,0.374,0.236,6.22468013280326e-23,"High transcription MSCs","ILF3-DT"
"OLMALINC",3.12794453659471e-25,1.68849509165697,0.175,0.077,7.03161931826491e-22,"High transcription MSCs","OLMALINC"
"TMEM202-AS1",5.11616764771639e-25,1.6663346061847,0.119,0.043,1.15011448720664e-21,"High transcription MSCs","TMEM202-AS1"
"ZFAS12",2.06097609584506e-24,0.660633639546595,0.855,0.799,4.6330742634597e-21,"High transcription MSCs","ZFAS1"
"C1RL-AS11",4.62225724632865e-24,1.16496133262331,0.275,0.151,1.03908342897468e-20,"High transcription MSCs","C1RL-AS1"
"INTS6-AS1",3.15238316992766e-23,1.32351520769395,0.164,0.072,7.08655736599738e-20,"High transcription MSCs","INTS6-AS1"
"MIR222HG1",5.76190852448975e-23,1.00574732286122,0.362,0.227,1.2952770363053e-19,"High transcription MSCs","MIR222HG"
"GABPB1-AS12",1.63267610574004e-22,0.835197456411738,0.485,0.35,3.67025588570362e-19,"High transcription MSCs","GABPB1-AS1"
"PHF1",1.96150470452585e-22,1.1743505792789,0.374,0.244,4.40946257577412e-19,"High transcription MSCs","PHF1"
"PTOV1-AS1",2.71124351253512e-22,1.48318285747152,0.116,0.043,6.09487541617895e-19,"High transcription MSCs","PTOV1-AS1"
"RMDN2-AS1",5.78373840132931e-21,1.24530443695339,0.336,0.215,1.30018439261883e-17,"High transcription MSCs","RMDN2-AS1"
"NKILA",4.48872248379952e-20,1.74084291378025,0.101,0.037,1.00906481435813e-16,"High transcription MSCs","NKILA"
"TRAM2-AS11",6.86462771834168e-20,1.53211317157077,0.156,0.073,1.54316831108321e-16,"High transcription MSCs","TRAM2-AS1"
"GASAL1",2.01989334749996e-19,1.4297608232568,0.106,0.041,4.54072024517991e-16,"High transcription MSCs","GASAL1"
"LINC014361",2.31586913857339e-19,2.63795234871173,0.111,0.044,5.20607382351299e-16,"High transcription MSCs","LINC01436"
"LINC01348",1.14455182573121e-18,1.70175321872886,0.101,0.039,2.57295250424376e-15,"High transcription MSCs","LINC01348"
"MIRLET7BHG",1.28830462224304e-18,0.700762016325812,0.481,0.354,2.89610879080236e-15,"High transcription MSCs","MIRLET7BHG"
"HCG25",1.30539787508364e-17,1.4624110543921,0.114,0.048,2.93453442318801e-14,"High transcription MSCs","HCG25"
"MANEA-DT1",2.31847225791713e-15,1.32308347814844,0.121,0.055,5.2119256357977e-12,"High transcription MSCs","MANEA-DT"
"KTN1-AS11",5.34337752118155e-15,1.18997710398576,0.174,0.094,1.20119126676161e-11,"High transcription MSCs","KTN1-AS1"
"NR2F1-AS13",1.1256680080934e-14,0.580725890675859,0.294,0.183,2.53050168219395e-11,"High transcription MSCs","NR2F1-AS1"
"LINC010912",1.1533133796373e-14,0.511685914538588,0.23,0.134,2.59264847742465e-11,"High transcription MSCs","LINC01091"
"CRTC3-AS11",3.5011244080377e-14,1.13017648385033,0.155,0.081,7.87052766926876e-11,"High transcription MSCs","CRTC3-AS1"
"SNHG92",1.88204817133527e-13,0.812918174223691,0.413,0.32,4.23084428916168e-10,"High transcription MSCs","SNHG9"
"OTUD6B-AS11",1.28936972946686e-12,1.03266868114243,0.452,0.381,2.89850315184151e-09,"High transcription MSCs","OTUD6B-AS1"
"LINC01535",1.34716481986727e-12,1.3286107232778,0.107,0.051,3.02842651506163e-09,"High transcription MSCs","LINC01535"
"ZNF436-AS1",2.32802914905873e-12,1.14604889615756,0.117,0.058,5.23340952708402e-09,"High transcription MSCs","ZNF436-AS1"
"OSER1-DT",1.50188862611856e-11,1.15412083757829,0.135,0.073,3.37624563151451e-08,"High transcription MSCs","OSER1-DT"
"LINC010892",1.98562560002914e-11,1.03829014838374,0.14,0.077,4.4636863488655e-08,"High transcription MSCs","LINC01089"
"LIX1-AS13",1.49178906129179e-10,0.603187859108184,0.192,0.116,3.35354180978394e-07,"High transcription MSCs","LIX1-AS1"
"MIR29B2CHG1",3.82596445635982e-10,0.862905005870864,0.212,0.138,8.60076809789687e-07,"High transcription MSCs","MIR29B2CHG"
"TMEM72-AS12",1.00484738345201e-09,1.27734337625931,0.2,0.13,2.25889691800012e-06,"High transcription MSCs","TMEM72-AS1"
"NIFK-AS1",2.22858495707508e-09,0.736262073625596,0.212,0.14,5.00985898350479e-06,"High transcription MSCs","NIFK-AS1"
"HMGN3-AS12",1.92118010492116e-08,1.10300436063296,0.113,0.065,4.31881287586277e-05,"High transcription MSCs","HMGN3-AS1"
"EIF3J-DT",2.03399600249509e-08,0.863857253978488,0.264,0.194,4.57242301360896e-05,"High transcription MSCs","EIF3J-DT"
"LINC00486",6.24868484597193e-08,0.685458090974686,0.242,0.174,0.000140470435337449,"High transcription MSCs","LINC00486"
"SNHG222",7.36694420841516e-08,0.755959004421217,0.14,0.086,0.000165608905805173,"High transcription MSCs","SNHG22"
"KIF9-AS12",1.69185584356312e-07,0.731810452585042,0.273,0.205,0.000380329193632988,"High transcription MSCs","KIF9-AS1"
"LINC015032",4.7603537334491e-07,0.904464055339972,0.141,0.091,0.00107012751927936,"High transcription MSCs","LINC01503"
"RASSF8-AS1",6.94215876405466e-07,0.642459716926308,0.324,0.258,0.00156059729015949,"High transcription MSCs","RASSF8-AS1"
"GPRC5D-AS12",4.55650795424852e-06,1.09967464301816,0.135,0.09,0.0102430298811507,"High transcription MSCs","GPRC5D-AS1"
"SDCBP2-AS12",6.53907932315077e-06,0.703590578937584,0.147,0.1,0.0146998503184429,"High transcription MSCs","SDCBP2-AS1"
"LINC00511",1.22119175989438e-05,0.661421124693644,0.113,0.073,0.0274523907624257,"High transcription MSCs","LINC00511"
"NDUFV2-AS1",3.66574834269314e-05,0.841527966068067,0.1,0.064,0.0824060227437418,"High transcription MSCs","NDUFV2-AS1"
"HLX-AS1",3.80401097286508e-05,0.555240137500717,0.102,0.065,0.0855141666700069,"High transcription MSCs","HLX-AS1"
"LINC016001",7.17827853954671e-05,0.940664178603438,0.108,0.072,0.16136770156901,"High transcription MSCs","LINC01600"
"HOTAIRM11",0.000308714194850673,0.732108253193156,0.13,0.095,0.693989510024314,"High transcription MSCs","HOTAIRM1"
"MAP3K141",0.000370183309455724,0.645377113049382,0.141,0.104,0.832172079656467,"High transcription MSCs","MAP3K14"
"LINC006852",0.000425615129992502,0.554580474807477,0.163,0.123,0.956782812223144,"High transcription MSCs","LINC00685"
"TMEM9B-AS12",0.000506942742660446,0.609721861910975,0.11,0.077,1,"High transcription MSCs","TMEM9B-AS1"
"LINC004672",0.000557151025750966,0.735029956863857,0.13,0.096,1,"High transcription MSCs","LINC00467"
"MIR193BHG",0.000566125078775405,0.65785611210798,0.212,0.171,1,"High transcription MSCs","MIR193BHG"
"MIR762HG1",0.00152857018246904,0.634672825868039,0.11,0.08,1,"High transcription MSCs","MIR762HG"
"RAB11B-AS11",0.00296795206565831,0.738303096801002,0.116,0.087,1,"High transcription MSCs","RAB11B-AS1"
"LINC003101",0.00559400842541024,1.19019839320176,0.102,0.078,1,"High transcription MSCs","LINC00310"
"MEG3",0,6.00205785969404,0.751,0.018,0,"Fibro-MSCs","MEG3"
"PVT1",0,2.63114587465847,0.568,0.121,0,"Fibro-MSCs","PVT1"
"MEG8",0,5.85139142335654,0.43,0.012,0,"Fibro-MSCs","MEG8"
"LINC01116",0,2.74684105551426,0.325,0.053,0,"Fibro-MSCs","LINC01116"
"PART1",0,7.99760300135932,0.226,0.001,0,"Fibro-MSCs","PART1"
"LINC01411",0,5.64634306114326,0.225,0.015,0,"Fibro-MSCs","LINC01411"
"LINC01088",1.71624244397721e-257,2.953149724849,0.234,0.035,3.85811301406076e-254,"Fibro-MSCs","LINC01088"
"PCA3",8.37259088067242e-250,4.25157916177172,0.121,0.007,1.88215842997516e-246,"Fibro-MSCs","PCA3"
"FGF10-AS11",1.39320576362981e-247,2.96138132380472,0.238,0.038,3.13192655663981e-244,"Fibro-MSCs","FGF10-AS1"
"CD44-AS1",4.71022517141102e-243,4.07468608473817,0.113,0.006,1.0588586185332e-239,"Fibro-MSCs","CD44-AS1"
"SERTAD4-AS11",3.36265103718676e-225,1.95880459998258,0.404,0.115,7.55923953159583e-222,"Fibro-MSCs","SERTAD4-AS1"
"LINC01423",9.99682811690663e-202,4.24567502274522,0.135,0.014,2.24728696068061e-198,"Fibro-MSCs","LINC01423"
"LINC006321",7.48898180656836e-122,1.36824638127971,0.253,0.073,1.68352311011657e-118,"Fibro-MSCs","LINC00632"
"ZNF295-AS1",4.21570057039944e-118,2.46137171218225,0.14,0.027,9.47689488225794e-115,"Fibro-MSCs","ZNF295-AS1"
"PSMB1",4.51749613418374e-111,0.696223976287429,0.853,0.585,1.0155331309645e-107,"Fibro-MSCs","PSMB1"
"TEX26-AS11",1.27953373195235e-100,2.24728967880731,0.115,0.021,2.87639182942887e-97,"Fibro-MSCs","TEX26-AS1"
"LINC005111",6.86736828606267e-94,2.4654923829039,0.203,0.063,1.54378439070689e-90,"Fibro-MSCs","LINC00511"
"GPRC5D-AS13",1.23820346318796e-90,1.45810733435557,0.233,0.079,2.78348138524654e-87,"Fibro-MSCs","GPRC5D-AS1"
"EMX2OS",2.97546862157381e-85,2.23159520349066,0.114,0.024,6.68885346129793e-82,"Fibro-MSCs","EMX2OS"
"HOXD-AS2",5.08249463018089e-69,1.58118200101052,0.167,0.054,1.14254479286466e-65,"Fibro-MSCs","HOXD-AS2"
"LINC024561",1.27326709414024e-68,2.48414565800671,0.117,0.03,2.86230442762726e-65,"Fibro-MSCs","LINC02456"
"DIRC31",1.89233017796182e-64,1.99645082292849,0.162,0.054,4.25395824005816e-61,"Fibro-MSCs","DIRC3"
"LINC01876",1.11290389683654e-59,1.37305706439835,0.153,0.051,2.50180796008855e-56,"Fibro-MSCs","LINC01876"
"LINC012391",1.54625212650474e-58,1.63850732531669,0.155,0.053,3.47597478038266e-55,"Fibro-MSCs","LINC01239"
"CASC151",8.54371418841818e-43,0.505329516590473,0.357,0.197,1.92062694955641e-39,"Fibro-MSCs","CASC15"
"CYTOR1",1.15405251485196e-42,0.538311177965664,0.493,0.322,2.59431005338721e-39,"Fibro-MSCs","CYTOR"
"FGD5-AS11",2.24238643105419e-39,0.583711829016936,0.477,0.309,5.04088469700983e-36,"Fibro-MSCs","FGD5-AS1"
"DIAPH2-AS12",6.69361710767351e-39,1.12726008693954,0.165,0.072,1.504725125805e-35,"Fibro-MSCs","DIAPH2-AS1"
"LINC006031",1.79398172178446e-34,0.549130477733685,0.189,0.09,4.03287091057146e-31,"Fibro-MSCs","LINC00603"
"RARA-AS1",1.87410138777801e-33,1.38803476162541,0.117,0.046,4.21297991972496e-30,"Fibro-MSCs","RARA-AS1"
"DLGAP22",1.71905993562763e-29,0.58012611554052,0.119,0.05,3.86444673529091e-26,"Fibro-MSCs","DLGAP2"
"TP53TG1",5.71651311698063e-28,0.877778644844209,0.189,0.099,1.28507214869725e-24,"Fibro-MSCs","TP53TG1"
"DLGAP1-AS11",1.40853300938866e-26,1.00798034670994,0.132,0.061,3.16638220510571e-23,"Fibro-MSCs","DLGAP1-AS1"
"SNHG181",3.00226280763394e-26,0.772098822615426,0.219,0.123,6.7490867915611e-23,"Fibro-MSCs","SNHG18"
"SMIM10L1",1.03439568722182e-21,0.542061721817175,0.283,0.18,2.32532150487466e-18,"Fibro-MSCs","SMIM10L1"
"DAXX",1.32660999034538e-19,0.779228968594964,0.153,0.084,2.98221925829642e-16,"Fibro-MSCs","DAXX"
"MAP3K142",2.31016457029371e-07,0.528754641401139,0.145,0.102,0.000519324995402026,"Fibro-MSCs","MAP3K14"
